50.00,871.00,62170,http://lorempixel.com/640/480/fashion,Soap,East Alexandriaside,GA,HKD,Germany,2019-10-09
840.00,145.00,66980,http://lorempixel.com/640/480/nature,Shirt,South Pietro,OR,GBP,Norway,2019-05-17
916.00,862.00,19245,http://lorempixel.com/640/480/people,Cheese,Linwoodville,ID,EUR,Australia,2019-06-15
123.00,837.00,66626,http://lorempixel.com/640/480/business,Shirt,Andresview,HI,NZD,Switzerland,2019-01-01
625.00,799.00,69617,http://lorempixel.com/640/480/nightlife,Cheese,East Asamouth,AR,NZD,Canada,2019-10-06
288.00,470.00,87347,http://lorempixel.com/640/480/transport,Sausages,North Ariellehaven,MI,EUR,Japan,2019-06-14
314.00,451.00,71587,http://lorempixel.com/640/480/animals,Shirt,Parkerburgh,MA,NOK,Canada,2019-08-10
66.00,418.00,6952,http://lorempixel.com/640/480/transport,Shoes,Rhiannastad,NJ,SEK,United States,2018-12-13
646.00,244.00,75268,http://lorempixel.com/640/480/food,Car,Lehnermouth,NE,GBP,Belgium,2019-09-06
972.00,87.00,66464,http://lorempixel.com/640/480/fashion,Shoes,West Sydney,WA,CHF,United States,2019-04-05
128.00,412.00,36225,http://lorempixel.com/640/480/food,Bacon,North Jewellfort,SC,GBP,Denmark,2019-08-16
7.00,991.00,76342,http://lorempixel.com/640/480/nature,Pizza,South Alfonso,PA,JPY,Singapore,2019-08-17
774.00,578.00,95469,http://lorempixel.com/640/480/sports,Soap,Jarentown,KS,CHF,Japan,2019-01-04
162.00,307.00,47548,http://lorempixel.com/640/480/people,Chair,South Federico,VT,SEK,Italy,2019-08-19
746.00,935.00,17068,http://lorempixel.com/640/480/food,Ball,Skilesmouth,MD,MXN,Hong Kong,2019-06-06
437.00,179.00,69285,http://lorempixel.com/640/480/city,Towels,East Sadie,FL,CAD,Mexico,2019-09-23
657.00,822.00,64040,http://lorempixel.com/640/480/nightlife,Towels,Medhurstberg,MT,EUR,France,2019-09-30
349.00,35.00,10593,http://lorempixel.com/640/480/business,Cheese,Zulaufhaven,LA,HKD,Spain,2019-04-27
322.00,566.00,25577,http://lorempixel.com/640/480/sports,Fish,Murazikmouth,AL,GBP,United States,2019-02-03
96.00,274.00,11904,http://lorempixel.com/640/480/fashion,Chicken,Glenton,NE,DKK,Austria,2019-09-20
311.00,740.00,28125,http://lorempixel.com/640/480/animals,Pants,Casperport,LA,JPY,Canada,2018-11-06
799.00,305.00,56153,http://lorempixel.com/640/480/people,Fish,Alexandriafort,NV,DKK,Mexico,2019-08-14
944.00,781.00,32527,http://lorempixel.com/640/480/transport,Cheese,Lake Edwin,NV,JPY,Singapore,2019-06-01
302.00,963.00,8432,http://lorempixel.com/640/480/technics,Shoes,West Reilly,NJ,AUD,United Kingdom,2018-11-14
117.00,702.00,45255,http://lorempixel.com/640/480/food,Towels,Lake Macietown,NE,EUR,Belgium,2019-07-16
568.00,573.00,25117,http://lorempixel.com/640/480/city,Chips,Leopoldofort,IL,DKK,Canada,2019-02-04
26.00,23.00,61098,http://lorempixel.com/640/480/animals,Hat,New Katlynnshire,HI,NOK,Germany,2019-10-25
817.00,903.00,57865,http://lorempixel.com/640/480/animals,Gloves,Kuhnport,LA,DKK,Norway,2019-10-01
540.00,594.00,50888,http://lorempixel.com/640/480/city,Chair,Hodkiewiczton,ME,GBP,Austria,2019-01-30
249.00,330.00,42017,http://lorempixel.com/640/480/food,Cheese,North Erik,AL,GBP,Spain,2019-08-31
688.00,191.00,54537,http://lorempixel.com/640/480/cats,Ball,Port Annabellemouth,NM,CHF,Norway,2019-07-14
255.00,994.00,78598,http://lorempixel.com/640/480/nightlife,Pants,South Rasheed,PA,CAD,United Kingdom,2019-03-08
943.00,605.00,40993,http://lorempixel.com/640/480/transport,Ball,Herzogfurt,IN,MXN,France,2018-11-13
187.00,199.00,13091,http://lorempixel.com/640/480/nightlife,Cheese,New Brenda,NE,JPY,Hong Kong,2019-09-20
694.00,953.00,66979,http://lorempixel.com/640/480/abstract,Shirt,North Modestoberg,OH,GBP,Germany,2019-02-09
995.00,323.00,37048,http://lorempixel.com/640/480/cats,Shirt,Christiansenville,SC,DKK,Sweden,2019-04-05
319.00,879.00,10006,http://lorempixel.com/640/480/nightlife,Hat,South Marcelle,SC,MXN,Belgium,2019-09-24
794.00,660.00,33110,http://lorempixel.com/640/480/transport,Soap,East Deshaun,NJ,EUR,Belgium,2019-06-10
738.00,475.00,47577,http://lorempixel.com/640/480/sports,Pizza,New Destinhaven,ND,NOK,Belgium,2018-11-08
380.00,890.00,25550,http://lorempixel.com/640/480/abstract,Shoes,South Vickytown,NC,NOK,Netherlands,2019-07-18
849.00,250.00,9320,http://lorempixel.com/640/480/technics,Pizza,Bauchchester,OR,CAD,Switzerland,2018-11-16
533.00,652.00,74283,http://lorempixel.com/640/480/people,Computer,West Alysontown,CA,EUR,Hong Kong,2019-07-08
549.00,938.00,31640,http://lorempixel.com/640/480/nightlife,Towels,North Efrain,MD,SGD,Denmark,2019-07-15
637.00,870.00,90892,http://lorempixel.com/640/480/food,Keyboard,New Macistad,NV,MXN,Canada,2019-07-24
526.00,996.00,39083,http://lorempixel.com/640/480/city,Soap,Ambroseton,VA,SEK,Germany,2019-01-02
60.00,190.00,32141,http://lorempixel.com/640/480/cats,Pants,Kovacekchester,AR,CHF,Mexico,2019-05-19
5.00,238.00,1224,http://lorempixel.com/640/480/nightlife,Table,South Juliusport,MT,CHF,Australia,2019-04-06
689.00,155.00,50194,http://lorempixel.com/640/480/nature,Sausages,Tyresechester,OK,NZD,Mexico,2019-01-16
497.00,308.00,53764,http://lorempixel.com/640/480/sports,Bacon,New Keatonland,AR,USD,Hong Kong,2019-04-21
846.00,90.00,56199,http://lorempixel.com/640/480/business,Cheese,North Afton,VT,JPY,Italy,2019-01-03
765.00,450.00,97213,http://lorempixel.com/640/480/sports,Shoes,Port Jaquelinestad,GA,SGD,Spain,2019-05-23
689.00,805.00,17483,http://lorempixel.com/640/480/cats,Computer,South Fletaburgh,ND,EUR,Japan,2019-06-08
71.00,468.00,6203,http://lorempixel.com/640/480/technics,Cheese,Cormiermouth,NE,MXN,Belgium,2019-06-09
519.00,686.00,80568,http://lorempixel.com/640/480/fashion,Shoes,Westport,WY,GBP,Norway,2019-03-14
781.00,901.00,21548,http://lorempixel.com/640/480/nightlife,Shirt,Lake Ariane,WY,MXN,Hong Kong,2019-02-22
965.00,957.00,70941,http://lorempixel.com/640/480/transport,Shirt,West Grahamberg,TX,MXN,Singapore,2019-06-25
532.00,925.00,68380,http://lorempixel.com/640/480/city,Bacon,Hesselland,IN,NOK,Ireland,2018-11-05
180.00,701.00,98372,http://lorempixel.com/640/480/fashion,Soap,Schulistfurt,KY,EUR,United States,2019-03-13
358.00,47.00,98165,http://lorempixel.com/640/480/business,Bike,Kuphalview,ID,JPY,Australia,2018-12-18
629.00,107.00,74393,http://lorempixel.com/640/480/city,Chair,Penelopehaven,MI,JPY,Australia,2019-05-04
304.00,362.00,3662,http://lorempixel.com/640/480/sports,Cheese,Estherstad,ME,HKD,Canada,2019-04-28
499.00,469.00,85277,http://lorempixel.com/640/480/technics,Chips,North Shaylee,SD,AUD,Belgium,2019-08-28
195.00,736.00,45134,http://lorempixel.com/640/480/abstract,Cheese,Langworthfort,CO,CHF,Sweden,2019-08-22
611.00,927.00,64260,http://lorempixel.com/640/480/technics,Hat,Sonnychester,NH,USD,Belgium,2019-07-09
444.00,599.00,97945,http://lorempixel.com/640/480/cats,Towels,Port Joannieville,HI,MXN,France,2019-02-14
105.00,644.00,39322,http://lorempixel.com/640/480/animals,Bike,Stammburgh,NH,EUR,Hong Kong,2019-02-04
833.00,266.00,46986,http://lorempixel.com/640/480/nightlife,Chicken,Hilllchester,PA,NOK,Australia,2019-06-26
47.00,440.00,19038,http://lorempixel.com/640/480/business,Computer,Cathyberg,KS,SEK,Italy,2019-04-03
479.00,451.00,66643,http://lorempixel.com/640/480/business,Pants,East Holliechester,AK,SGD,Mexico,2019-05-31
881.00,794.00,75819,http://lorempixel.com/640/480/people,Fish,Ziemannburgh,OH,GBP,France,2019-05-30
167.00,726.00,64577,http://lorempixel.com/640/480/nature,Fish,Eldonshire,UT,MXN,Spain,2018-11-23
755.00,61.00,91730,http://lorempixel.com/640/480/nature,Ball,Rociofort,KY,CHF,Singapore,2019-02-20
378.00,325.00,86558,http://lorempixel.com/640/480/people,Table,Kamrynbury,WY,HKD,United Kingdom,2019-07-05
225.00,879.00,76215,http://lorempixel.com/640/480/technics,Keyboard,Port Godfreyfort,VT,CHF,Belgium,2019-06-23
534.00,926.00,22742,http://lorempixel.com/640/480/people,Soap,New Demetrisberg,RI,CHF,Germany,2019-04-27
888.00,43.00,573,http://lorempixel.com/640/480/animals,Bike,West Bailee,WI,GBP,Canada,2019-04-02
990.00,936.00,23358,http://lorempixel.com/640/480/animals,Ball,Rossietown,CO,HKD,Norway,2018-12-11
534.00,124.00,7405,http://lorempixel.com/640/480/business,Chair,Lake Delta,SC,GBP,Netherlands,2019-08-29
787.00,503.00,81996,http://lorempixel.com/640/480/fashion,Pizza,Graceside,ID,AUD,Spain,2018-12-07
205.00,288.00,51058,http://lorempixel.com/640/480/fashion,Sausages,Medhurstmouth,MO,EUR,United Kingdom,2019-03-14
552.00,817.00,66079,http://lorempixel.com/640/480/fashion,Cheese,Halvorsonland,WY,GBP,Germany,2019-03-09
236.00,951.00,6514,http://lorempixel.com/640/480/cats,Soap,North Rocky,OR,USD,United States,2019-02-07
574.00,422.00,72721,http://lorempixel.com/640/480/animals,Soap,South Brendan,OK,NZD,Switzerland,2019-08-29
280.00,906.00,15010,http://lorempixel.com/640/480/sports,Shirt,Vicenteville,WI,CAD,Australia,2019-09-10
249.00,796.00,43088,http://lorempixel.com/640/480/sports,Bike,Cassidyburgh,AK,DKK,Australia,2019-04-05
886.00,806.00,55535,http://lorempixel.com/640/480/animals,Pants,East Zula,NE,EUR,United States,2019-05-16
73.00,833.00,93182,http://lorempixel.com/640/480/business,Towels,Port Armani,NE,JPY,France,2019-08-28
259.00,738.00,19633,http://lorempixel.com/640/480/nightlife,Computer,Giovaniborough,AK,NZD,France,2019-04-28
412.00,450.00,45872,http://lorempixel.com/640/480/city,Pants,Rodolfofort,OK,EUR,Denmark,2019-09-29
114.00,826.00,76721,http://lorempixel.com/640/480/cats,Cheese,West Oscarview,SC,USD,Sweden,2019-04-17
367.00,548.00,75986,http://lorempixel.com/640/480/transport,Salad,Douglasmouth,NV,SGD,Italy,2019-07-16
577.00,131.00,92283,http://lorempixel.com/640/480/abstract,Keyboard,Laurenbury,MN,MXN,Switzerland,2019-02-02
748.00,100.00,95184,http://lorempixel.com/640/480/cats,Bacon,Alysonmouth,FL,HKD,Sweden,2019-10-19
418.00,213.00,30050,http://lorempixel.com/640/480/transport,Computer,Steuberstad,WY,EUR,Belgium,2019-08-13
685.00,97.00,51460,http://lorempixel.com/640/480/business,Car,West Hazelfort,AK,DKK,Denmark,2019-02-13
705.00,872.00,53313,http://lorempixel.com/640/480/technics,Towels,Nicolasborough,MI,HKD,Italy,2019-02-03
378.00,232.00,80224,http://lorempixel.com/640/480/nightlife,Chicken,Bartellhaven,AK,NZD,Japan,2019-04-20
513.00,926.00,6213,http://lorempixel.com/640/480/animals,Pizza,South Natalie,MI,SGD,Canada,2019-07-11
624.00,236.00,23425,http://lorempixel.com/640/480/nature,Shirt,Zakaryhaven,HI,DKK,Canada,2018-12-27
87.00,451.00,18681,http://lorempixel.com/640/480/nightlife,Sausages,West Elinor,ME,DKK,Canada,2018-11-03
